rank,uid,title,year,venue,url,problem_claimed,actual_mechanism,hidden_assumptions,variables_treated_as_fixed,failure_modes_ignored,what_it_makes_less_novel,what_it_leaves_open
1,arxiv:2601.21282v1,WorldBench: Disambiguating Physics for Diagnostic Evaluation of World Models,2026,arXiv,http://arxiv.org/abs/2601.21282v1,Addresses robot world-model evaluation or a neighboring robotics mechanism.,"Prior work usually predicts, ranks, filters, or imitates observed behavior rather than preserving unrealized branches.",The observed outcome is enough to supervise the model.,"Contact mode support, embodiment limits, and deployment perturbations.","Branch collapse, hidden-mode shift, and tail-risk planning failures.",Generic world models and generic uncertainty are crowded.,World model audits from failed rollouts keeps action-critical alternatives explicit until a physical observation collapses them.
2,doi:10.3390/ai7040131,LLM-Based Control for Simulated Physical Reasoning: Modular Evaluation in the NeurIPS Embodied Agent Interface Challenge,2026,AI,https://doi.org/10.3390/ai7040131,Addresses robot world-model evaluation or a neighboring robotics mechanism.,"Prior work usually predicts, ranks, filters, or imitates observed behavior rather than preserving unrealized branches.",The observed outcome is enough to supervise the model.,"Contact mode support, embodiment limits, and deployment perturbations.","Branch collapse, hidden-mode shift, and tail-risk planning failures.",Generic world models and generic uncertainty are crowded.,World model audits from failed rollouts keeps action-critical alternatives explicit until a physical observation collapses them.
3,doi:10.1007/s40194-025-02293-y,Fatigue life evaluation of root failure in welded joints based on displacement around the weld root,2025,Welding in the World,https://doi.org/10.1007/s40194-025-02293-y,Addresses robot world-model evaluation or a neighboring robotics mechanism.,"Prior work usually predicts, ranks, filters, or imitates observed behavior rather than preserving unrealized branches.",The observed outcome is enough to supervise the model.,"Contact mode support, embodiment limits, and deployment perturbations.","Branch collapse, hidden-mode shift, and tail-risk planning failures.",Generic world models and generic uncertainty are crowded.,World model audits from failed rollouts keeps action-critical alternatives explicit until a physical observation collapses them.
4,arxiv:2506.00613v3,WorldGym: World Model as An Environment for Policy Evaluation,2025,arXiv,http://arxiv.org/abs/2506.00613v3,Addresses robot world-model evaluation or a neighboring robotics mechanism.,"Prior work usually predicts, ranks, filters, or imitates observed behavior rather than preserving unrealized branches.",The observed outcome is enough to supervise the model.,"Contact mode support, embodiment limits, and deployment perturbations.","Branch collapse, hidden-mode shift, and tail-risk planning failures.",Generic world models and generic uncertainty are crowded.,World model audits from failed rollouts keeps action-critical alternatives explicit until a physical observation collapses them.
5,arxiv:2603.28545v1,ManipArena: Comprehensive Real-world Evaluation of Reasoning-Oriented Generalist Robot Manipulation,2026,arXiv,http://arxiv.org/abs/2603.28545v1,Addresses robot world-model evaluation or a neighboring robotics mechanism.,"Prior work usually predicts, ranks, filters, or imitates observed behavior rather than preserving unrealized branches.",The observed outcome is enough to supervise the model.,"Contact mode support, embodiment limits, and deployment perturbations.","Branch collapse, hidden-mode shift, and tail-risk planning failures.",Generic world models and generic uncertainty are crowded.,World model audits from failed rollouts keeps action-critical alternatives explicit until a physical observation collapses them.
6,doi:10.52783/jisem.v10i50s.10219,Self-Supervised Learning for Generalizable AI: Bridging the Gap Between Pretraining and Real-World Deployment,2025,Journal of Information Systems Engineering and Management,https://doi.org/10.52783/jisem.v10i50s.10219,Addresses robot world-model evaluation or a neighboring robotics mechanism.,"Prior work usually predicts, ranks, filters, or imitates observed behavior rather than preserving unrealized branches.",The observed outcome is enough to supervise the model.,"Contact mode support, embodiment limits, and deployment perturbations.","Branch collapse, hidden-mode shift, and tail-risk planning failures.",Generic world models and generic uncertainty are crowded.,World model audits from failed rollouts keeps action-critical alternatives explicit until a physical observation collapses them.
7,doi:10.1609/aaai.v39i27.35109,From Large Language Models to Large Action Models: Reasoning and Planning with Physical World Knowledge,2025,Proceedings of the AAAI Conference on Artificial Intelligence,https://doi.org/10.1609/aaai.v39i27.35109,Addresses robot world-model evaluation or a neighboring robotics mechanism.,"Prior work usually predicts, ranks, filters, or imitates observed behavior rather than preserving unrealized branches.",The observed outcome is enough to supervise the model.,"Contact mode support, embodiment limits, and deployment perturbations.","Branch collapse, hidden-mode shift, and tail-risk planning failures.",Generic world models and generic uncertainty are crowded.,World model audits from failed rollouts keeps action-critical alternatives explicit until a physical observation collapses them.
8,arxiv:2605.08567v2,ACWM-Phys: Investigating Generalized Physical Interaction in Action-Conditioned Video World Models,2026,arXiv,http://arxiv.org/abs/2605.08567v2,Addresses robot world-model evaluation or a neighboring robotics mechanism.,"Prior work usually predicts, ranks, filters, or imitates observed behavior rather than preserving unrealized branches.",The observed outcome is enough to supervise the model.,"Contact mode support, embodiment limits, and deployment perturbations.","Branch collapse, hidden-mode shift, and tail-risk planning failures.",Generic world models and generic uncertainty are crowded.,World model audits from failed rollouts keeps action-critical alternatives explicit until a physical observation collapses them.
9,doi:10.1038/s42256-024-00964-x,Causal chambers as a real-world physical testbed for AI methodology,2025,Nature Machine Intelligence,https://doi.org/10.1038/s42256-024-00964-x,Addresses robot world-model evaluation or a neighboring robotics mechanism.,"Prior work usually predicts, ranks, filters, or imitates observed behavior rather than preserving unrealized branches.",The observed outcome is enough to supervise the model.,"Contact mode support, embodiment limits, and deployment perturbations.","Branch collapse, hidden-mode shift, and tail-risk planning failures.",Generic world models and generic uncertainty are crowded.,World model audits from failed rollouts keeps action-critical alternatives explicit until a physical observation collapses them.
10,doi:10.5194/wbf2026-818,Planning Land Use Strategies for Transformative Change in a Changing World,,,https://doi.org/10.5194/wbf2026-818,Addresses robot world-model evaluation or a neighboring robotics mechanism.,"Prior work usually predicts, ranks, filters, or imitates observed behavior rather than preserving unrealized branches.",The observed outcome is enough to supervise the model.,"Contact mode support, embodiment limits, and deployment perturbations.","Branch collapse, hidden-mode shift, and tail-risk planning failures.",Generic world models and generic uncertainty are crowded.,World model audits from failed rollouts keeps action-critical alternatives explicit until a physical observation collapses them.
11,doi:10.1007/s40801-025-00524-8,Real-World Evaluation of Regulatory Judgments on Anticancer Drug Use During Pregnancy in Japan: A Retrospective Analysis from 2004 to 2024,2025,Drugs - Real World Outcomes,https://doi.org/10.1007/s40801-025-00524-8,Addresses robot world-model evaluation or a neighboring robotics mechanism.,"Prior work usually predicts, ranks, filters, or imitates observed behavior rather than preserving unrealized branches.",The observed outcome is enough to supervise the model.,"Contact mode support, embodiment limits, and deployment perturbations.","Branch collapse, hidden-mode shift, and tail-risk planning failures.",Generic world models and generic uncertainty are crowded.,World model audits from failed rollouts keeps action-critical alternatives explicit until a physical observation collapses them.
12,doi:10.1109/lra.2021.3115406,SuctionNet-1Billion: A Large-Scale Benchmark for Suction Grasping,2021,arXiv,http://arxiv.org/abs/2103.12311v2,Addresses robot world-model evaluation or a neighboring robotics mechanism.,"Prior work usually predicts, ranks, filters, or imitates observed behavior rather than preserving unrealized branches.",The observed outcome is enough to supervise the model.,"Contact mode support, embodiment limits, and deployment perturbations.","Branch collapse, hidden-mode shift, and tail-risk planning failures.",Generic world models and generic uncertainty are crowded.,World model audits from failed rollouts keeps action-critical alternatives explicit until a physical observation collapses them.
13,doi:10.48550/arxiv.2411.02385,How Far is Video Generation from World Model: A Physical Law Perspective,2024,arXiv (Cornell University),https://doi.org/10.48550/arxiv.2411.02385,Addresses robot world-model evaluation or a neighboring robotics mechanism.,"Prior work usually predicts, ranks, filters, or imitates observed behavior rather than preserving unrealized branches.",The observed outcome is enough to supervise the model.,"Contact mode support, embodiment limits, and deployment perturbations.","Branch collapse, hidden-mode shift, and tail-risk planning failures.",Generic world models and generic uncertainty are crowded.,World model audits from failed rollouts keeps action-critical alternatives explicit until a physical observation collapses them.
14,doi:10.20944/preprints202606.0425.v1,The Evaluation Bottleneck of Vision-Language-Action Models: A Evaluation-Centric Survey,,,https://doi.org/10.20944/preprints202606.0425.v1,Addresses robot world-model evaluation or a neighboring robotics mechanism.,"Prior work usually predicts, ranks, filters, or imitates observed behavior rather than preserving unrealized branches.",The observed outcome is enough to supervise the model.,"Contact mode support, embodiment limits, and deployment perturbations.","Branch collapse, hidden-mode shift, and tail-risk planning failures.",Generic world models and generic uncertainty are crowded.,World model audits from failed rollouts keeps action-critical alternatives explicit until a physical observation collapses them.
15,doi:10.18196/jrc.v4i6.20216,Enhancing Fault Detection in Wireless Sensor Networks Through Support Vector Machines: A Comprehensive Study,2023,Journal of Robotics and Control (JRC),https://doi.org/10.18196/jrc.v4i6.20216,Addresses robot world-model evaluation or a neighboring robotics mechanism.,"Prior work usually predicts, ranks, filters, or imitates observed behavior rather than preserving unrealized branches.",The observed outcome is enough to supervise the model.,"Contact mode support, embodiment limits, and deployment perturbations.","Branch collapse, hidden-mode shift, and tail-risk planning failures.",Generic world models and generic uncertainty are crowded.,World model audits from failed rollouts keeps action-critical alternatives explicit until a physical observation collapses them.
16,doi:10.3390/robotics10010045,Cobot User Frame Calibration: Evaluation and Comparison between Positioning Repeatability Performances Achieved by Traditional and Vision-Based Methods,2021,Robotics,https://doi.org/10.3390/robotics10010045,Addresses robot world-model evaluation or a neighboring robotics mechanism.,"Prior work usually predicts, ranks, filters, or imitates observed behavior rather than preserving unrealized branches.",The observed outcome is enough to supervise the model.,"Contact mode support, embodiment limits, and deployment perturbations.","Branch collapse, hidden-mode shift, and tail-risk planning failures.",Generic world models and generic uncertainty are crowded.,World model audits from failed rollouts keeps action-critical alternatives explicit until a physical observation collapses them.
17,arxiv:2603.04363v1,ManipulationNet: An Infrastructure for Benchmarking Real-World Robot Manipulation with Physical Skill Challenges and Embodied Multimodal Reasoning,2026,arXiv,http://arxiv.org/abs/2603.04363v1,Addresses robot world-model evaluation or a neighboring robotics mechanism.,"Prior work usually predicts, ranks, filters, or imitates observed behavior rather than preserving unrealized branches.",The observed outcome is enough to supervise the model.,"Contact mode support, embodiment limits, and deployment perturbations.","Branch collapse, hidden-mode shift, and tail-risk planning failures.",Generic world models and generic uncertainty are crowded.,World model audits from failed rollouts keeps action-critical alternatives explicit until a physical observation collapses them.
18,doi:10.21203/rs.3.rs-9323275/v1,DMES: Information-Equivalent Evaluation Reveals the Physical Reasoning Gap Between World Models and Language Models,,,https://doi.org/10.21203/rs.3.rs-9323275/v1,Addresses robot world-model evaluation or a neighboring robotics mechanism.,"Prior work usually predicts, ranks, filters, or imitates observed behavior rather than preserving unrealized branches.",The observed outcome is enough to supervise the model.,"Contact mode support, embodiment limits, and deployment perturbations.","Branch collapse, hidden-mode shift, and tail-risk planning failures.",Generic world models and generic uncertainty are crowded.,World model audits from failed rollouts keeps action-critical alternatives explicit until a physical observation collapses them.
19,doi:10.1155/2018/9791286,The Design and Evaluation of an Ergonomic Contactless Gesture Control System for Industrial Robots,2018,Journal of Robotics,https://doi.org/10.1155/2018/9791286,Addresses robot world-model evaluation or a neighboring robotics mechanism.,"Prior work usually predicts, ranks, filters, or imitates observed behavior rather than preserving unrealized branches.",The observed outcome is enough to supervise the model.,"Contact mode support, embodiment limits, and deployment perturbations.","Branch collapse, hidden-mode shift, and tail-risk planning failures.",Generic world models and generic uncertainty are crowded.,World model audits from failed rollouts keeps action-critical alternatives explicit until a physical observation collapses them.
20,doi:10.1093/med/9780199680467.003.0016,Evaluation of interventions in the real world,2015,Oxford Medicine Online,https://doi.org/10.1093/med/9780199680467.003.0016,Addresses robot world-model evaluation or a neighboring robotics mechanism.,"Prior work usually predicts, ranks, filters, or imitates observed behavior rather than preserving unrealized branches.",The observed outcome is enough to supervise the model.,"Contact mode support, embodiment limits, and deployment perturbations.","Branch collapse, hidden-mode shift, and tail-risk planning failures.",Generic world models and generic uncertainty are crowded.,World model audits from failed rollouts keeps action-critical alternatives explicit until a physical observation collapses them.
21,doi:10.1002/ehf2.15320,Real-World Use of Guideline-Directed Therapy for Heart Failure: Insights From the Danish Heart Failure Registry,2025,ESC Heart Failure,https://doi.org/10.1002/ehf2.15320,Addresses robot world-model evaluation or a neighboring robotics mechanism.,"Prior work usually predicts, ranks, filters, or imitates observed behavior rather than preserving unrealized branches.",The observed outcome is enough to supervise the model.,"Contact mode support, embodiment limits, and deployment perturbations.","Branch collapse, hidden-mode shift, and tail-risk planning failures.",Generic world models and generic uncertainty are crowded.,World model audits from failed rollouts keeps action-critical alternatives explicit until a physical observation collapses them.
22,arxiv:2604.21741v2,Hi-WM: Human-in-the-World-Model for Scalable Robot Post-Training,2026,arXiv,http://arxiv.org/abs/2604.21741v2,Addresses robot world-model evaluation or a neighboring robotics mechanism.,"Prior work usually predicts, ranks, filters, or imitates observed behavior rather than preserving unrealized branches.",The observed outcome is enough to supervise the model.,"Contact mode support, embodiment limits, and deployment perturbations.","Branch collapse, hidden-mode shift, and tail-risk planning failures.",Generic world models and generic uncertainty are crowded.,World model audits from failed rollouts keeps action-critical alternatives explicit until a physical observation collapses them.
23,doi:10.2139/ssrn.6626705,"Open Access, Unequal Use: Evaluation Infrastructure as the Missing Bottleneck in Foundation Model Democratisation",,,https://doi.org/10.2139/ssrn.6626705,Addresses robot world-model evaluation or a neighboring robotics mechanism.,"Prior work usually predicts, ranks, filters, or imitates observed behavior rather than preserving unrealized branches.",The observed outcome is enough to supervise the model.,"Contact mode support, embodiment limits, and deployment perturbations.","Branch collapse, hidden-mode shift, and tail-risk planning failures.",Generic world models and generic uncertainty are crowded.,World model audits from failed rollouts keeps action-critical alternatives explicit until a physical observation collapses them.
24,arxiv:2403.12675v2,Pragmatic Competence Evaluation of Large Language Models for the Korean Language,2024,arXiv,http://arxiv.org/abs/2403.12675v2,Addresses robot world-model evaluation or a neighboring robotics mechanism.,"Prior work usually predicts, ranks, filters, or imitates observed behavior rather than preserving unrealized branches.",The observed outcome is enough to supervise the model.,"Contact mode support, embodiment limits, and deployment perturbations.","Branch collapse, hidden-mode shift, and tail-risk planning failures.",Generic world models and generic uncertainty are crowded.,World model audits from failed rollouts keeps action-critical alternatives explicit until a physical observation collapses them.
25,arxiv:2512.10675v2,Evaluating Gemini Robotics Policies in a Veo World Simulator,2025,arXiv,http://arxiv.org/abs/2512.10675v2,Addresses robot world-model evaluation or a neighboring robotics mechanism.,"Prior work usually predicts, ranks, filters, or imitates observed behavior rather than preserving unrealized branches.",The observed outcome is enough to supervise the model.,"Contact mode support, embodiment limits, and deployment perturbations.","Branch collapse, hidden-mode shift, and tail-risk planning failures.",Generic world models and generic uncertainty are crowded.,World model audits from failed rollouts keeps action-critical alternatives explicit until a physical observation collapses them.
26,doi:10.1007/978-3-031-38651-0_17,Research on the Evaluation of the Teaching Process of Public Physical Education in Universities Based on Markov Model,2023,Learning and Analytics in Intelligent Systems Advances in Computational Vision and Robotics,https://doi.org/10.1007/978-3-031-38651-0_17,Addresses robot world-model evaluation or a neighboring robotics mechanism.,"Prior work usually predicts, ranks, filters, or imitates observed behavior rather than preserving unrealized branches.",The observed outcome is enough to supervise the model.,"Contact mode support, embodiment limits, and deployment perturbations.","Branch collapse, hidden-mode shift, and tail-risk planning failures.",Generic world models and generic uncertainty are crowded.,World model audits from failed rollouts keeps action-critical alternatives explicit until a physical observation collapses them.
27,arxiv:2506.05429v1,Coordinated Robustness Evaluation Framework for Vision-Language Models,2025,arXiv,http://arxiv.org/abs/2506.05429v1,Addresses robot world-model evaluation or a neighboring robotics mechanism.,"Prior work usually predicts, ranks, filters, or imitates observed behavior rather than preserving unrealized branches.",The observed outcome is enough to supervise the model.,"Contact mode support, embodiment limits, and deployment perturbations.","Branch collapse, hidden-mode shift, and tail-risk planning failures.",Generic world models and generic uncertainty are crowded.,World model audits from failed rollouts keeps action-critical alternatives explicit until a physical observation collapses them.
28,arxiv:2603.12510v3,Red-Teaming Vision-Language-Action Models via Quality Diversity Prompt Generation for Robust Robot Policies,2026,arXiv,http://arxiv.org/abs/2603.12510v3,Addresses robot world-model evaluation or a neighboring robotics mechanism.,"Prior work usually predicts, ranks, filters, or imitates observed behavior rather than preserving unrealized branches.",The observed outcome is enough to supervise the model.,"Contact mode support, embodiment limits, and deployment perturbations.","Branch collapse, hidden-mode shift, and tail-risk planning failures.",Generic world models and generic uncertainty are crowded.,World model audits from failed rollouts keeps action-critical alternatives explicit until a physical observation collapses them.
29,doi:10.3390/s24092794,"Bridging Requirements, Planning, and Evaluation: A Review of Social Robot Navigation",2024,Sensors,https://doi.org/10.3390/s24092794,Addresses robot world-model evaluation or a neighboring robotics mechanism.,"Prior work usually predicts, ranks, filters, or imitates observed behavior rather than preserving unrealized branches.",The observed outcome is enough to supervise the model.,"Contact mode support, embodiment limits, and deployment perturbations.","Branch collapse, hidden-mode shift, and tail-risk planning failures.",Generic world models and generic uncertainty are crowded.,World model audits from failed rollouts keeps action-critical alternatives explicit until a physical observation collapses them.
30,doi:10.4108/airo.8870,Evaluating Open-Source Vision Language Models for Facial Emotion Recognition Against Traditional Deep Learning Models,2025,EAI Endorsed Transactions on AI and Robotics,https://doi.org/10.4108/airo.8870,Addresses robot world-model evaluation or a neighboring robotics mechanism.,"Prior work usually predicts, ranks, filters, or imitates observed behavior rather than preserving unrealized branches.",The observed outcome is enough to supervise the model.,"Contact mode support, embodiment limits, and deployment perturbations.","Branch collapse, hidden-mode shift, and tail-risk planning failures.",Generic world models and generic uncertainty are crowded.,World model audits from failed rollouts keeps action-critical alternatives explicit until a physical observation collapses them.
31,doi:10.3390/s22072540,A Gaussian Process State Space Model Fusion Physical Model and Residual Analysis for Fatigue Evaluation,2022,Sensors,https://doi.org/10.3390/s22072540,Addresses robot world-model evaluation or a neighboring robotics mechanism.,"Prior work usually predicts, ranks, filters, or imitates observed behavior rather than preserving unrealized branches.",The observed outcome is enough to supervise the model.,"Contact mode support, embodiment limits, and deployment perturbations.","Branch collapse, hidden-mode shift, and tail-risk planning failures.",Generic world models and generic uncertainty are crowded.,World model audits from failed rollouts keeps action-critical alternatives explicit until a physical observation collapses them.
32,arxiv:2508.19851v1,Tracking World States with Language Models: State-Based Evaluation Using Chess,2025,arXiv,http://arxiv.org/abs/2508.19851v1,Addresses robot world-model evaluation or a neighboring robotics mechanism.,"Prior work usually predicts, ranks, filters, or imitates observed behavior rather than preserving unrealized branches.",The observed outcome is enough to supervise the model.,"Contact mode support, embodiment limits, and deployment perturbations.","Branch collapse, hidden-mode shift, and tail-risk planning failures.",Generic world models and generic uncertainty are crowded.,World model audits from failed rollouts keeps action-critical alternatives explicit until a physical observation collapses them.
33,doi:10.1007/s40801-021-00277-0,Sodium-Glucose Cotransporter-2 Inhibitor Use is Associated with a Reduced Risk of Heart Failure Hospitalization in Patients with Heart Failure with Preserved Ejection Fraction and Type 2 Diabetes Mellitus: A Real-World Study on a Diverse Urban Population,2022,Drugs - Real World Outcomes,https://doi.org/10.1007/s40801-021-00277-0,Addresses robot world-model evaluation or a neighboring robotics mechanism.,"Prior work usually predicts, ranks, filters, or imitates observed behavior rather than preserving unrealized branches.",The observed outcome is enough to supervise the model.,"Contact mode support, embodiment limits, and deployment perturbations.","Branch collapse, hidden-mode shift, and tail-risk planning failures.",Generic world models and generic uncertainty are crowded.,World model audits from failed rollouts keeps action-critical alternatives explicit until a physical observation collapses them.
34,title:lead me by the hand evaluation of a direct physical interface for nursing assistant robots,Lead Me by the Hand: Evaluation of a Direct Physical Interface for Nursing Assistant Robots,2010,SMARTech Repository (Georgia Institute of Technology),https://openalex.org/W2028026191,Addresses robot world-model evaluation or a neighboring robotics mechanism.,"Prior work usually predicts, ranks, filters, or imitates observed behavior rather than preserving unrealized branches.",The observed outcome is enough to supervise the model.,"Contact mode support, embodiment limits, and deployment perturbations.","Branch collapse, hidden-mode shift, and tail-risk planning failures.",Generic world models and generic uncertainty are crowded.,World model audits from failed rollouts keeps action-critical alternatives explicit until a physical observation collapses them.
35,doi:10.1525/elementa.2025.00089,Validating existing LDAR simulators using real-world data from British Columbia: A comparative study of FEAST and LDAR-Sim,2026,Elem Sci Anth,https://doi.org/10.1525/elementa.2025.00089,Addresses robot world-model evaluation or a neighboring robotics mechanism.,"Prior work usually predicts, ranks, filters, or imitates observed behavior rather than preserving unrealized branches.",The observed outcome is enough to supervise the model.,"Contact mode support, embodiment limits, and deployment perturbations.","Branch collapse, hidden-mode shift, and tail-risk planning failures.",Generic world models and generic uncertainty are crowded.,World model audits from failed rollouts keeps action-critical alternatives explicit until a physical observation collapses them.
36,doi:10.1049/cvi2.12342,Egocentric action anticipation from untrimmed videos,2025,IET Computer Vision,https://doi.org/10.1049/cvi2.12342,Addresses robot world-model evaluation or a neighboring robotics mechanism.,"Prior work usually predicts, ranks, filters, or imitates observed behavior rather than preserving unrealized branches.",The observed outcome is enough to supervise the model.,"Contact mode support, embodiment limits, and deployment perturbations.","Branch collapse, hidden-mode shift, and tail-risk planning failures.",Generic world models and generic uncertainty are crowded.,World model audits from failed rollouts keeps action-critical alternatives explicit until a physical observation collapses them.
37,doi:10.24963/ijcai.2024/23,Deep Learning-Based Pedestrian Simulation with Limited Real-World Training Data: An Evaluation Framework,2024,Proceedings of the Thirty-ThirdInternational Joint Conference on Artificial Intelligence,https://doi.org/10.24963/ijcai.2024/23,Addresses robot world-model evaluation or a neighboring robotics mechanism.,"Prior work usually predicts, ranks, filters, or imitates observed behavior rather than preserving unrealized branches.",The observed outcome is enough to supervise the model.,"Contact mode support, embodiment limits, and deployment perturbations.","Branch collapse, hidden-mode shift, and tail-risk planning failures.",Generic world models and generic uncertainty are crowded.,World model audits from failed rollouts keeps action-critical alternatives explicit until a physical observation collapses them.
38,doi:10.1108/ci-08-2025-0377,Real-world evaluation of automated defect detection in masonry bridges using 360° imagery with machine learning,2026,Construction Innovation,https://doi.org/10.1108/ci-08-2025-0377,Addresses robot world-model evaluation or a neighboring robotics mechanism.,"Prior work usually predicts, ranks, filters, or imitates observed behavior rather than preserving unrealized branches.",The observed outcome is enough to supervise the model.,"Contact mode support, embodiment limits, and deployment perturbations.","Branch collapse, hidden-mode shift, and tail-risk planning failures.",Generic world models and generic uncertainty are crowded.,World model audits from failed rollouts keeps action-critical alternatives explicit until a physical observation collapses them.
39,doi:10.20491/isarder.2023.1672,Evaluation of the use of Robotics in Hotels in terms of Customer Satisfaction,2023,Journal of Business Research - Turk,https://doi.org/10.20491/isarder.2023.1672,Addresses robot world-model evaluation or a neighboring robotics mechanism.,"Prior work usually predicts, ranks, filters, or imitates observed behavior rather than preserving unrealized branches.",The observed outcome is enough to supervise the model.,"Contact mode support, embodiment limits, and deployment perturbations.","Branch collapse, hidden-mode shift, and tail-risk planning failures.",Generic world models and generic uncertainty are crowded.,World model audits from failed rollouts keeps action-critical alternatives explicit until a physical observation collapses them.
40,doi:10.3390/robotics14120180,Sim2Real Transfer of Imitation Learning of Motion Control for Car-like Mobile Robots Using Digital Twin Testbed,2025,Robotics,https://doi.org/10.3390/robotics14120180,Addresses robot world-model evaluation or a neighboring robotics mechanism.,"Prior work usually predicts, ranks, filters, or imitates observed behavior rather than preserving unrealized branches.",The observed outcome is enough to supervise the model.,"Contact mode support, embodiment limits, and deployment perturbations.","Branch collapse, hidden-mode shift, and tail-risk planning failures.",Generic world models and generic uncertainty are crowded.,World model audits from failed rollouts keeps action-critical alternatives explicit until a physical observation collapses them.
41,doi:10.3390/analytics2030038,The Use of a Large Language Model for Cyberbullying Detection,2023,Analytics,https://doi.org/10.3390/analytics2030038,Addresses robot world-model evaluation or a neighboring robotics mechanism.,"Prior work usually predicts, ranks, filters, or imitates observed behavior rather than preserving unrealized branches.",The observed outcome is enough to supervise the model.,"Contact mode support, embodiment limits, and deployment perturbations.","Branch collapse, hidden-mode shift, and tail-risk planning failures.",Generic world models and generic uncertainty are crowded.,World model audits from failed rollouts keeps action-critical alternatives explicit until a physical observation collapses them.
42,arxiv:2512.16881v2,PolaRiS: Scalable Real-to-Sim Evaluations for Generalist Robot Policies,2025,arXiv,http://arxiv.org/abs/2512.16881v2,Addresses robot world-model evaluation or a neighboring robotics mechanism.,"Prior work usually predicts, ranks, filters, or imitates observed behavior rather than preserving unrealized branches.",The observed outcome is enough to supervise the model.,"Contact mode support, embodiment limits, and deployment perturbations.","Branch collapse, hidden-mode shift, and tail-risk planning failures.",Generic world models and generic uncertainty are crowded.,World model audits from failed rollouts keeps action-critical alternatives explicit until a physical observation collapses them.
43,doi:10.1109/hri.2010.5453162,Lead me by the hand: Evaluation of a direct physical interface for nursing assistant robots,2010,,https://doi.org/10.1109/hri.2010.5453162,Addresses robot world-model evaluation or a neighboring robotics mechanism.,"Prior work usually predicts, ranks, filters, or imitates observed behavior rather than preserving unrealized branches.",The observed outcome is enough to supervise the model.,"Contact mode support, embodiment limits, and deployment perturbations.","Branch collapse, hidden-mode shift, and tail-risk planning failures.",Generic world models and generic uncertainty are crowded.,World model audits from failed rollouts keeps action-critical alternatives explicit until a physical observation collapses them.
44,doi:10.1080/0886022x.2025.2496980,Factors influencing early renal function changes after SGLT2 inhibitors use and its long-term prognosis: a real-world retrospective study,2025,Renal Failure,https://doi.org/10.1080/0886022x.2025.2496980,Addresses robot world-model evaluation or a neighboring robotics mechanism.,"Prior work usually predicts, ranks, filters, or imitates observed behavior rather than preserving unrealized branches.",The observed outcome is enough to supervise the model.,"Contact mode support, embodiment limits, and deployment perturbations.","Branch collapse, hidden-mode shift, and tail-risk planning failures.",Generic world models and generic uncertainty are crowded.,World model audits from failed rollouts keeps action-critical alternatives explicit until a physical observation collapses them.
45,arxiv:2603.06987v1,Foundational World Models Accurately Detect Bimanual Manipulator Failures,2026,arXiv,http://arxiv.org/abs/2603.06987v1,Addresses robot world-model evaluation or a neighboring robotics mechanism.,"Prior work usually predicts, ranks, filters, or imitates observed behavior rather than preserving unrealized branches.",The observed outcome is enough to supervise the model.,"Contact mode support, embodiment limits, and deployment perturbations.","Branch collapse, hidden-mode shift, and tail-risk planning failures.",Generic world models and generic uncertainty are crowded.,World model audits from failed rollouts keeps action-critical alternatives explicit until a physical observation collapses them.
46,doi:10.1142/s0217979224502564,Causal potency of consciousness in the physical world,2024,International Journal of Modern Physics B,https://doi.org/10.1142/s0217979224502564,Addresses robot world-model evaluation or a neighboring robotics mechanism.,"Prior work usually predicts, ranks, filters, or imitates observed behavior rather than preserving unrealized branches.",The observed outcome is enough to supervise the model.,"Contact mode support, embodiment limits, and deployment perturbations.","Branch collapse, hidden-mode shift, and tail-risk planning failures.",Generic world models and generic uncertainty are crowded.,World model audits from failed rollouts keeps action-critical alternatives explicit until a physical observation collapses them.
47,arxiv:2605.26282v1,Scaling World-Model Reinforcement Learning Through Diffusion Policy Optimization,2026,arXiv,http://arxiv.org/abs/2605.26282v1,Addresses robot world-model evaluation or a neighboring robotics mechanism.,"Prior work usually predicts, ranks, filters, or imitates observed behavior rather than preserving unrealized branches.",The observed outcome is enough to supervise the model.,"Contact mode support, embodiment limits, and deployment perturbations.","Branch collapse, hidden-mode shift, and tail-risk planning failures.",Generic world models and generic uncertainty are crowded.,World model audits from failed rollouts keeps action-critical alternatives explicit until a physical observation collapses them.
48,doi:10.3390/rs13234881,Efficient and Safe Robotic Autonomous Environment Exploration Using Integrated Frontier Detection and Multiple Path Evaluation,2021,Remote Sensing,https://doi.org/10.3390/rs13234881,Addresses robot world-model evaluation or a neighboring robotics mechanism.,"Prior work usually predicts, ranks, filters, or imitates observed behavior rather than preserving unrealized branches.",The observed outcome is enough to supervise the model.,"Contact mode support, embodiment limits, and deployment perturbations.","Branch collapse, hidden-mode shift, and tail-risk planning failures.",Generic world models and generic uncertainty are crowded.,World model audits from failed rollouts keeps action-critical alternatives explicit until a physical observation collapses them.
49,doi:10.31937/ultimacomm.v11i2.1257,Public Policy Evaluation on Limitation of The Use of Plastics Bags based on Social Marketing Perspective,2019,Ultimacomm: Jurnal Ilmu Komunikasi,https://doi.org/10.31937/ultimacomm.v11i2.1257,Addresses robot world-model evaluation or a neighboring robotics mechanism.,"Prior work usually predicts, ranks, filters, or imitates observed behavior rather than preserving unrealized branches.",The observed outcome is enough to supervise the model.,"Contact mode support, embodiment limits, and deployment perturbations.","Branch collapse, hidden-mode shift, and tail-risk planning failures.",Generic world models and generic uncertainty are crowded.,World model audits from failed rollouts keeps action-critical alternatives explicit until a physical observation collapses them.
50,doi:10.3390/healthcare7010031,Two-Year Use of Care Robot Zora in Dutch Nursing Homes: An Evaluation Study,2019,Healthcare,https://doi.org/10.3390/healthcare7010031,Addresses robot world-model evaluation or a neighboring robotics mechanism.,"Prior work usually predicts, ranks, filters, or imitates observed behavior rather than preserving unrealized branches.",The observed outcome is enough to supervise the model.,"Contact mode support, embodiment limits, and deployment perturbations.","Branch collapse, hidden-mode shift, and tail-risk planning failures.",Generic world models and generic uncertainty are crowded.,World model audits from failed rollouts keeps action-critical alternatives explicit until a physical observation collapses them.
51,doi:10.36001/ijphm.2017.v8i3.2667,"Prognostics and Health Management for Maintenance Practitioners - Review, Implementation and Tools Evaluation",2020,International Journal of Prognostics and Health Management,https://doi.org/10.36001/ijphm.2017.v8i3.2667,Addresses robot world-model evaluation or a neighboring robotics mechanism.,"Prior work usually predicts, ranks, filters, or imitates observed behavior rather than preserving unrealized branches.",The observed outcome is enough to supervise the model.,"Contact mode support, embodiment limits, and deployment perturbations.","Branch collapse, hidden-mode shift, and tail-risk planning failures.",Generic world models and generic uncertainty are crowded.,World model audits from failed rollouts keeps action-critical alternatives explicit until a physical observation collapses them.
52,doi:10.2139/ssrn.6210365,"Hierarchical Contrastive Learning Framework for Digital Scoliosis Screening Standards, Efficacy Evaluation and Real-World Deployment",,,https://doi.org/10.2139/ssrn.6210365,Addresses robot world-model evaluation or a neighboring robotics mechanism.,"Prior work usually predicts, ranks, filters, or imitates observed behavior rather than preserving unrealized branches.",The observed outcome is enough to supervise the model.,"Contact mode support, embodiment limits, and deployment perturbations.","Branch collapse, hidden-mode shift, and tail-risk planning failures.",Generic world models and generic uncertainty are crowded.,World model audits from failed rollouts keeps action-critical alternatives explicit until a physical observation collapses them.
53,doi:10.1016/j.cardfail.2022.03.128,Identifying Barriers To SGLT2 Inhibitor Use In Eligible Patients With Heart Failure: A Real-world Experience From A Single Centre,2022,Journal of Cardiac Failure,https://doi.org/10.1016/j.cardfail.2022.03.128,Addresses robot world-model evaluation or a neighboring robotics mechanism.,"Prior work usually predicts, ranks, filters, or imitates observed behavior rather than preserving unrealized branches.",The observed outcome is enough to supervise the model.,"Contact mode support, embodiment limits, and deployment perturbations.","Branch collapse, hidden-mode shift, and tail-risk planning failures.",Generic world models and generic uncertainty are crowded.,World model audits from failed rollouts keeps action-critical alternatives explicit until a physical observation collapses them.
54,arxiv:2405.11458v1,CPS-LLM: Large Language Model based Safe Usage Plan Generator for Human-in-the-Loop Human-in-the-Plant Cyber-Physical System,2024,arXiv,http://arxiv.org/abs/2405.11458v1,Addresses robot world-model evaluation or a neighboring robotics mechanism.,"Prior work usually predicts, ranks, filters, or imitates observed behavior rather than preserving unrealized branches.",The observed outcome is enough to supervise the model.,"Contact mode support, embodiment limits, and deployment perturbations.","Branch collapse, hidden-mode shift, and tail-risk planning failures.",Generic world models and generic uncertainty are crowded.,World model audits from failed rollouts keeps action-critical alternatives explicit until a physical observation collapses them.
55,arxiv:2605.29360v1,MiraBench: Evaluating Action-Conditioned Reliability in Robotic World Models,2026,arXiv,http://arxiv.org/abs/2605.29360v1,Addresses robot world-model evaluation or a neighboring robotics mechanism.,"Prior work usually predicts, ranks, filters, or imitates observed behavior rather than preserving unrealized branches.",The observed outcome is enough to supervise the model.,"Contact mode support, embodiment limits, and deployment perturbations.","Branch collapse, hidden-mode shift, and tail-risk planning failures.",Generic world models and generic uncertainty are crowded.,World model audits from failed rollouts keeps action-critical alternatives explicit until a physical observation collapses them.
56,arxiv:2604.25788v2,KinDER: A Physical Reasoning Benchmark for Robot Learning and Planning,2026,arXiv,http://arxiv.org/abs/2604.25788v2,Addresses robot world-model evaluation or a neighboring robotics mechanism.,"Prior work usually predicts, ranks, filters, or imitates observed behavior rather than preserving unrealized branches.",The observed outcome is enough to supervise the model.,"Contact mode support, embodiment limits, and deployment perturbations.","Branch collapse, hidden-mode shift, and tail-risk planning failures.",Generic world models and generic uncertainty are crowded.,World model audits from failed rollouts keeps action-critical alternatives explicit until a physical observation collapses them.
57,arxiv:2604.21873v1,Grounding Video Reasoning in Physical Signals,2026,arXiv,http://arxiv.org/abs/2604.21873v1,Addresses robot world-model evaluation or a neighboring robotics mechanism.,"Prior work usually predicts, ranks, filters, or imitates observed behavior rather than preserving unrealized branches.",The observed outcome is enough to supervise the model.,"Contact mode support, embodiment limits, and deployment perturbations.","Branch collapse, hidden-mode shift, and tail-risk planning failures.",Generic world models and generic uncertainty are crowded.,World model audits from failed rollouts keeps action-critical alternatives explicit until a physical observation collapses them.
58,arxiv:2605.03941v2,iWorld-Bench: A Benchmark for Interactive World Models with a Unified Action Generation Framework,2026,arXiv,http://arxiv.org/abs/2605.03941v2,Addresses robot world-model evaluation or a neighboring robotics mechanism.,"Prior work usually predicts, ranks, filters, or imitates observed behavior rather than preserving unrealized branches.",The observed outcome is enough to supervise the model.,"Contact mode support, embodiment limits, and deployment perturbations.","Branch collapse, hidden-mode shift, and tail-risk planning failures.",Generic world models and generic uncertainty are crowded.,World model audits from failed rollouts keeps action-critical alternatives explicit until a physical observation collapses them.
59,doi:10.1016/j.intf.2025.100312,Real-world efficacy of long-term teduglutide use in pediatric patients with short bowel syndrome,2025,Intestinal Failure,https://doi.org/10.1016/j.intf.2025.100312,Addresses robot world-model evaluation or a neighboring robotics mechanism.,"Prior work usually predicts, ranks, filters, or imitates observed behavior rather than preserving unrealized branches.",The observed outcome is enough to supervise the model.,"Contact mode support, embodiment limits, and deployment perturbations.","Branch collapse, hidden-mode shift, and tail-risk planning failures.",Generic world models and generic uncertainty are crowded.,World model audits from failed rollouts keeps action-critical alternatives explicit until a physical observation collapses them.
60,arxiv:2209.10404v3,GP-net: Flexible Viewpoint Grasp Proposal,2022,arXiv,http://arxiv.org/abs/2209.10404v3,Addresses robot world-model evaluation or a neighboring robotics mechanism.,"Prior work usually predicts, ranks, filters, or imitates observed behavior rather than preserving unrealized branches.",The observed outcome is enough to supervise the model.,"Contact mode support, embodiment limits, and deployment perturbations.","Branch collapse, hidden-mode shift, and tail-risk planning failures.",Generic world models and generic uncertainty are crowded.,World model audits from failed rollouts keeps action-critical alternatives explicit until a physical observation collapses them.
61,doi:10.18775/ijmsba.1849-5664-5419.2014.26.1004,Virtual World – Physical World: What is the Real World?,2015,International Journal of Management Science and Business Administration,https://doi.org/10.18775/ijmsba.1849-5664-5419.2014.26.1004,Addresses robot world-model evaluation or a neighboring robotics mechanism.,"Prior work usually predicts, ranks, filters, or imitates observed behavior rather than preserving unrealized branches.",The observed outcome is enough to supervise the model.,"Contact mode support, embodiment limits, and deployment perturbations.","Branch collapse, hidden-mode shift, and tail-risk planning failures.",Generic world models and generic uncertainty are crowded.,World model audits from failed rollouts keeps action-critical alternatives explicit until a physical observation collapses them.
62,doi:10.3390/fi12110205,Failure Mode and Effect Analysis for Cyber-Physical Systems,2020,Future Internet,https://doi.org/10.3390/fi12110205,Addresses robot world-model evaluation or a neighboring robotics mechanism.,"Prior work usually predicts, ranks, filters, or imitates observed behavior rather than preserving unrealized branches.",The observed outcome is enough to supervise the model.,"Contact mode support, embodiment limits, and deployment perturbations.","Branch collapse, hidden-mode shift, and tail-risk planning failures.",Generic world models and generic uncertainty are crowded.,World model audits from failed rollouts keeps action-critical alternatives explicit until a physical observation collapses them.
63,doi:10.1068/b240573,"Success, Failure, and Conformance: An Alternative Approach to Planning Evaluation",1997,Environment and Planning B: Planning and Design,https://doi.org/10.1068/b240573,Addresses robot world-model evaluation or a neighboring robotics mechanism.,"Prior work usually predicts, ranks, filters, or imitates observed behavior rather than preserving unrealized branches.",The observed outcome is enough to supervise the model.,"Contact mode support, embodiment limits, and deployment perturbations.","Branch collapse, hidden-mode shift, and tail-risk planning failures.",Generic world models and generic uncertainty are crowded.,World model audits from failed rollouts keeps action-critical alternatives explicit until a physical observation collapses them.
64,arxiv:2601.07821v1,Failure-Aware RL: Reliable Offline-to-Online Reinforcement Learning with Self-Recovery for Real-World Manipulation,2026,arXiv,http://arxiv.org/abs/2601.07821v1,Addresses robot world-model evaluation or a neighboring robotics mechanism.,"Prior work usually predicts, ranks, filters, or imitates observed behavior rather than preserving unrealized branches.",The observed outcome is enough to supervise the model.,"Contact mode support, embodiment limits, and deployment perturbations.","Branch collapse, hidden-mode shift, and tail-risk planning failures.",Generic world models and generic uncertainty are crowded.,World model audits from failed rollouts keeps action-critical alternatives explicit until a physical observation collapses them.
65,doi:10.2196/76496,Acceptability and Usability of a Socially Assistive Robot Integrated With a Large Language Model for Enhanced Human-Robot Interaction in a Geriatric Care Institution: Mixed Methods Evaluation,2025,JMIR Human Factors,https://doi.org/10.2196/76496,Addresses robot world-model evaluation or a neighboring robotics mechanism.,"Prior work usually predicts, ranks, filters, or imitates observed behavior rather than preserving unrealized branches.",The observed outcome is enough to supervise the model.,"Contact mode support, embodiment limits, and deployment perturbations.","Branch collapse, hidden-mode shift, and tail-risk planning failures.",Generic world models and generic uncertainty are crowded.,World model audits from failed rollouts keeps action-critical alternatives explicit until a physical observation collapses them.
66,doi:10.1109/dsn48987.2021.00020,PID-Piper: Recovering Robotic Vehicles from Physical Attacks,2021,,https://doi.org/10.1109/dsn48987.2021.00020,Addresses robot world-model evaluation or a neighboring robotics mechanism.,"Prior work usually predicts, ranks, filters, or imitates observed behavior rather than preserving unrealized branches.",The observed outcome is enough to supervise the model.,"Contact mode support, embodiment limits, and deployment perturbations.","Branch collapse, hidden-mode shift, and tail-risk planning failures.",Generic world models and generic uncertainty are crowded.,World model audits from failed rollouts keeps action-critical alternatives explicit until a physical observation collapses them.
67,doi:10.37489/2782-3784-myrwd-53,Analysis of real-world data for medical device evaluation: Chinese manual,2024,Real-World Data & Evidence,https://doi.org/10.37489/2782-3784-myrwd-53,Addresses robot world-model evaluation or a neighboring robotics mechanism.,"Prior work usually predicts, ranks, filters, or imitates observed behavior rather than preserving unrealized branches.",The observed outcome is enough to supervise the model.,"Contact mode support, embodiment limits, and deployment perturbations.","Branch collapse, hidden-mode shift, and tail-risk planning failures.",Generic world models and generic uncertainty are crowded.,World model audits from failed rollouts keeps action-critical alternatives explicit until a physical observation collapses them.
68,doi:10.1007/s11633-022-1362-z,Causal Reasoning Meets Visual Representation Learning: A Prospective Study,2022,Machine Intelligence Research,https://doi.org/10.1007/s11633-022-1362-z,Addresses robot world-model evaluation or a neighboring robotics mechanism.,"Prior work usually predicts, ranks, filters, or imitates observed behavior rather than preserving unrealized branches.",The observed outcome is enough to supervise the model.,"Contact mode support, embodiment limits, and deployment perturbations.","Branch collapse, hidden-mode shift, and tail-risk planning failures.",Generic world models and generic uncertainty are crowded.,World model audits from failed rollouts keeps action-critical alternatives explicit until a physical observation collapses them.
69,title:improving robotics competitions for real world evaluation of ai,Improving Robotics Competitions for Real-World Evaluation of AI,2009,,https://openalex.org/W193195562,Addresses robot world-model evaluation or a neighboring robotics mechanism.,"Prior work usually predicts, ranks, filters, or imitates observed behavior rather than preserving unrealized branches.",The observed outcome is enough to supervise the model.,"Contact mode support, embodiment limits, and deployment perturbations.","Branch collapse, hidden-mode shift, and tail-risk planning failures.",Generic world models and generic uncertainty are crowded.,World model audits from failed rollouts keeps action-critical alternatives explicit until a physical observation collapses them.
70,doi:10.1002/ejhf.3163,The Gap Between Real-World and Guidelines in the Use of Sodium–Glucose Cotransporter 2 Inhibitors for Heart Failure Patients with Reduced Ejection Fraction: Is it Underestimated or Overestimated? Letter Regarding the Article ‘Real-world Use of Sodium–Glucose Cotransporter 2 Inhibitors in Patients with Heart Failure and Reduced Ejection Fraction: Data from the Swedish Heart Failure Registry’,2024,European Journal of Heart Failure,https://doi.org/10.1002/ejhf.3163,Addresses robot world-model evaluation or a neighboring robotics mechanism.,"Prior work usually predicts, ranks, filters, or imitates observed behavior rather than preserving unrealized branches.",The observed outcome is enough to supervise the model.,"Contact mode support, embodiment limits, and deployment perturbations.","Branch collapse, hidden-mode shift, and tail-risk planning failures.",Generic world models and generic uncertainty are crowded.,World model audits from failed rollouts keeps action-critical alternatives explicit until a physical observation collapses them.
71,doi:10.37489/2782-3784-myrwd-29,Assessing the risks of abuse of opioids in real-world data,2023,Real-World Data & Evidence,https://doi.org/10.37489/2782-3784-myrwd-29,Addresses robot world-model evaluation or a neighboring robotics mechanism.,"Prior work usually predicts, ranks, filters, or imitates observed behavior rather than preserving unrealized branches.",The observed outcome is enough to supervise the model.,"Contact mode support, embodiment limits, and deployment perturbations.","Branch collapse, hidden-mode shift, and tail-risk planning failures.",Generic world models and generic uncertainty are crowded.,World model audits from failed rollouts keeps action-critical alternatives explicit until a physical observation collapses them.
72,doi:10.1609/aaai.v39i23.34627,TreeEval: Benchmark-Free Evaluation of Large Language Models through Tree Planning,2025,Proceedings of the AAAI Conference on Artificial Intelligence,https://doi.org/10.1609/aaai.v39i23.34627,Addresses robot world-model evaluation or a neighboring robotics mechanism.,"Prior work usually predicts, ranks, filters, or imitates observed behavior rather than preserving unrealized branches.",The observed outcome is enough to supervise the model.,"Contact mode support, embodiment limits, and deployment perturbations.","Branch collapse, hidden-mode shift, and tail-risk planning failures.",Generic world models and generic uncertainty are crowded.,World model audits from failed rollouts keeps action-critical alternatives explicit until a physical observation collapses them.
73,doi:10.20517/ir.2025.11,Digital twins to embodied artificial intelligence: review and perspective,2025,Intelligence & Robotics,https://doi.org/10.20517/ir.2025.11,Addresses robot world-model evaluation or a neighboring robotics mechanism.,"Prior work usually predicts, ranks, filters, or imitates observed behavior rather than preserving unrealized branches.",The observed outcome is enough to supervise the model.,"Contact mode support, embodiment limits, and deployment perturbations.","Branch collapse, hidden-mode shift, and tail-risk planning failures.",Generic world models and generic uncertainty are crowded.,World model audits from failed rollouts keeps action-critical alternatives explicit until a physical observation collapses them.
74,doi:10.2139/ssrn.4527476,"Which Large Language Model should You Use in Vietnamese Education: ChatGPT, Bing Chat, or Bard?",2023,SSRN Electronic Journal,https://doi.org/10.2139/ssrn.4527476,Addresses robot world-model evaluation or a neighboring robotics mechanism.,"Prior work usually predicts, ranks, filters, or imitates observed behavior rather than preserving unrealized branches.",The observed outcome is enough to supervise the model.,"Contact mode support, embodiment limits, and deployment perturbations.","Branch collapse, hidden-mode shift, and tail-risk planning failures.",Generic world models and generic uncertainty are crowded.,World model audits from failed rollouts keeps action-critical alternatives explicit until a physical observation collapses them.
75,arxiv:2309.04041v2,Evaluation and Enhancement of Semantic Grounding in Large Vision-Language Models,2023,arXiv,http://arxiv.org/abs/2309.04041v2,Addresses robot world-model evaluation or a neighboring robotics mechanism.,"Prior work usually predicts, ranks, filters, or imitates observed behavior rather than preserving unrealized branches.",The observed outcome is enough to supervise the model.,"Contact mode support, embodiment limits, and deployment perturbations.","Branch collapse, hidden-mode shift, and tail-risk planning failures.",Generic world models and generic uncertainty are crowded.,World model audits from failed rollouts keeps action-critical alternatives explicit until a physical observation collapses them.
76,doi:10.1016/j.cardfail.2018.07.261,scFurosemide Real-World Evaluation for Decreasing Hospital Admissions in Heart Failure: The FreEDom-HF Study,2018,Journal of Cardiac Failure,https://doi.org/10.1016/j.cardfail.2018.07.261,Addresses robot world-model evaluation or a neighboring robotics mechanism.,"Prior work usually predicts, ranks, filters, or imitates observed behavior rather than preserving unrealized branches.",The observed outcome is enough to supervise the model.,"Contact mode support, embodiment limits, and deployment perturbations.","Branch collapse, hidden-mode shift, and tail-risk planning failures.",Generic world models and generic uncertainty are crowded.,World model audits from failed rollouts keeps action-critical alternatives explicit until a physical observation collapses them.
77,doi:10.37489/2782-3784-myrwd-43,Prospects for the use of allosteric drugs in real-world clinical practice,2023,Real-World Data & Evidence,https://doi.org/10.37489/2782-3784-myrwd-43,Addresses robot world-model evaluation or a neighboring robotics mechanism.,"Prior work usually predicts, ranks, filters, or imitates observed behavior rather than preserving unrealized branches.",The observed outcome is enough to supervise the model.,"Contact mode support, embodiment limits, and deployment perturbations.","Branch collapse, hidden-mode shift, and tail-risk planning failures.",Generic world models and generic uncertainty are crowded.,World model audits from failed rollouts keeps action-critical alternatives explicit until a physical observation collapses them.
78,doi:10.18552/ijpblhsc.v7i1.535,Real-World Training for Real-World Benefits: Exploring the Impact of Practice-Based Service Evaluation Training,2019,International Journal of Practice-based Learning in Health and Social Care,https://doi.org/10.18552/ijpblhsc.v7i1.535,Addresses robot world-model evaluation or a neighboring robotics mechanism.,"Prior work usually predicts, ranks, filters, or imitates observed behavior rather than preserving unrealized branches.",The observed outcome is enough to supervise the model.,"Contact mode support, embodiment limits, and deployment perturbations.","Branch collapse, hidden-mode shift, and tail-risk planning failures.",Generic world models and generic uncertainty are crowded.,World model audits from failed rollouts keeps action-critical alternatives explicit until a physical observation collapses them.
79,doi:10.1007/s10514-023-10147-z,"Image-based Navigation in Real-World Environments via Multiple Mid-level Representations: Fusion Models, Benchmark and Efficient Evaluation",2023,Autonomous Robots,https://doi.org/10.1007/s10514-023-10147-z,Addresses robot world-model evaluation or a neighboring robotics mechanism.,"Prior work usually predicts, ranks, filters, or imitates observed behavior rather than preserving unrealized branches.",The observed outcome is enough to supervise the model.,"Contact mode support, embodiment limits, and deployment perturbations.","Branch collapse, hidden-mode shift, and tail-risk planning failures.",Generic world models and generic uncertainty are crowded.,World model audits from failed rollouts keeps action-critical alternatives explicit until a physical observation collapses them.
80,doi:10.3390/electronics14020401,Model Checking Using Large Language Models—Evaluation and Future Directions,2025,Electronics,https://doi.org/10.3390/electronics14020401,Addresses robot world-model evaluation or a neighboring robotics mechanism.,"Prior work usually predicts, ranks, filters, or imitates observed behavior rather than preserving unrealized branches.",The observed outcome is enough to supervise the model.,"Contact mode support, embodiment limits, and deployment perturbations.","Branch collapse, hidden-mode shift, and tail-risk planning failures.",Generic world models and generic uncertainty are crowded.,World model audits from failed rollouts keeps action-critical alternatives explicit until a physical observation collapses them.
81,doi:10.63282/3050-9416.ijaibdcms-v5i4p118,Intelligent Continuous Integration and Delivery for Banking Systems using Machine Learning Driven Risk Detection with Real World Deployment Evaluation,2024,"International Journal of AI, BigData, Computational and Management Studies",https://doi.org/10.63282/3050-9416.ijaibdcms-v5i4p118,Addresses robot world-model evaluation or a neighboring robotics mechanism.,"Prior work usually predicts, ranks, filters, or imitates observed behavior rather than preserving unrealized branches.",The observed outcome is enough to supervise the model.,"Contact mode support, embodiment limits, and deployment perturbations.","Branch collapse, hidden-mode shift, and tail-risk planning failures.",Generic world models and generic uncertainty are crowded.,World model audits from failed rollouts keeps action-critical alternatives explicit until a physical observation collapses them.
82,doi:10.21203/rs.3.rs-8701502/v1,Reinforcement Learning for Real-World Non-Stationary Systems: An Observation-Aware Survey,,,https://doi.org/10.21203/rs.3.rs-8701502/v1,Addresses robot world-model evaluation or a neighboring robotics mechanism.,"Prior work usually predicts, ranks, filters, or imitates observed behavior rather than preserving unrealized branches.",The observed outcome is enough to supervise the model.,"Contact mode support, embodiment limits, and deployment perturbations.","Branch collapse, hidden-mode shift, and tail-risk planning failures.",Generic world models and generic uncertainty are crowded.,World model audits from failed rollouts keeps action-critical alternatives explicit until a physical observation collapses them.
83,doi:10.70389/pjs.100089,"Reframing Clinical AI Evaluation in the Era of Generative Models: Toward Multidimensional, Stakeholder-Informed, and Safety-Centric Frameworks for Real-World Health Care Deployment",2025,Premier Journal of Science,https://doi.org/10.70389/pjs.100089,Addresses robot world-model evaluation or a neighboring robotics mechanism.,"Prior work usually predicts, ranks, filters, or imitates observed behavior rather than preserving unrealized branches.",The observed outcome is enough to supervise the model.,"Contact mode support, embodiment limits, and deployment perturbations.","Branch collapse, hidden-mode shift, and tail-risk planning failures.",Generic world models and generic uncertainty are crowded.,World model audits from failed rollouts keeps action-critical alternatives explicit until a physical observation collapses them.
84,doi:10.1017/9781009024631.019,Renting language in the ownership society: reflections on language use and language learning in a multilingual world,2013,Meaningful Action,https://doi.org/10.1017/9781009024631.019,Addresses robot world-model evaluation or a neighboring robotics mechanism.,"Prior work usually predicts, ranks, filters, or imitates observed behavior rather than preserving unrealized branches.",The observed outcome is enough to supervise the model.,"Contact mode support, embodiment limits, and deployment perturbations.","Branch collapse, hidden-mode shift, and tail-risk planning failures.",Generic world models and generic uncertainty are crowded.,World model audits from failed rollouts keeps action-critical alternatives explicit until a physical observation collapses them.
85,doi:10.1109/access.2020.2988592,Longitudinal Vehicle Dynamics: A Comparison of Physical and Data-Driven Models Under Large-Scale Real-World Driving Conditions,2020,IEEE Access,https://doi.org/10.1109/access.2020.2988592,Addresses robot world-model evaluation or a neighboring robotics mechanism.,"Prior work usually predicts, ranks, filters, or imitates observed behavior rather than preserving unrealized branches.",The observed outcome is enough to supervise the model.,"Contact mode support, embodiment limits, and deployment perturbations.","Branch collapse, hidden-mode shift, and tail-risk planning failures.",Generic world models and generic uncertainty are crowded.,World model audits from failed rollouts keeps action-critical alternatives explicit until a physical observation collapses them.
86,doi:10.1227/01.neu.0000337578.00814.75,RADIOSURGERY WITH THE WORLD'S FIRST FULLY ROBOTIZED LEKSELL GAMMA KNIFE PERFEXION IN CLINICAL USE,2009,Neurosurgery,https://doi.org/10.1227/01.neu.0000337578.00814.75,Addresses robot world-model evaluation or a neighboring robotics mechanism.,"Prior work usually predicts, ranks, filters, or imitates observed behavior rather than preserving unrealized branches.",The observed outcome is enough to supervise the model.,"Contact mode support, embodiment limits, and deployment perturbations.","Branch collapse, hidden-mode shift, and tail-risk planning failures.",Generic world models and generic uncertainty are crowded.,World model audits from failed rollouts keeps action-critical alternatives explicit until a physical observation collapses them.
87,doi:10.15388/infedu.2007.13,Program and Evaluation Planning Light: Planning in the Real World,2007,Informatics in Education,https://doi.org/10.15388/infedu.2007.13,Addresses robot world-model evaluation or a neighboring robotics mechanism.,"Prior work usually predicts, ranks, filters, or imitates observed behavior rather than preserving unrealized branches.",The observed outcome is enough to supervise the model.,"Contact mode support, embodiment limits, and deployment perturbations.","Branch collapse, hidden-mode shift, and tail-risk planning failures.",Generic world models and generic uncertainty are crowded.,World model audits from failed rollouts keeps action-critical alternatives explicit until a physical observation collapses them.
88,doi:10.1145/3640314,Model-based Trustworthiness Evaluation of Autonomous Cyber-Physical Production Systems: A Systematic Mapping Study,2024,ACM Computing Surveys,https://doi.org/10.1145/3640314,Addresses robot world-model evaluation or a neighboring robotics mechanism.,"Prior work usually predicts, ranks, filters, or imitates observed behavior rather than preserving unrealized branches.",The observed outcome is enough to supervise the model.,"Contact mode support, embodiment limits, and deployment perturbations.","Branch collapse, hidden-mode shift, and tail-risk planning failures.",Generic world models and generic uncertainty are crowded.,World model audits from failed rollouts keeps action-critical alternatives explicit until a physical observation collapses them.
89,doi:10.1109/tifs.2022.3214723,EEFED: Personalized Federated Learning of Execution&Evaluation Dual Network for CPS Intrusion Detection,2022,IEEE Transactions on Information Forensics and Security,https://doi.org/10.1109/tifs.2022.3214723,Addresses robot world-model evaluation or a neighboring robotics mechanism.,"Prior work usually predicts, ranks, filters, or imitates observed behavior rather than preserving unrealized branches.",The observed outcome is enough to supervise the model.,"Contact mode support, embodiment limits, and deployment perturbations.","Branch collapse, hidden-mode shift, and tail-risk planning failures.",Generic world models and generic uncertainty are crowded.,World model audits from failed rollouts keeps action-critical alternatives explicit until a physical observation collapses them.
90,doi:10.1108/ir-01-2022-0028,Improved A* algorithm and model predictive control- based path planning and tracking framework for hexapod robots,2023,Industrial Robot: the international journal of robotics research and application,https://doi.org/10.1108/ir-01-2022-0028,Addresses robot world-model evaluation or a neighboring robotics mechanism.,"Prior work usually predicts, ranks, filters, or imitates observed behavior rather than preserving unrealized branches.",The observed outcome is enough to supervise the model.,"Contact mode support, embodiment limits, and deployment perturbations.","Branch collapse, hidden-mode shift, and tail-risk planning failures.",Generic world models and generic uncertainty are crowded.,World model audits from failed rollouts keeps action-critical alternatives explicit until a physical observation collapses them.
91,arxiv:2602.11291v2,H-WM: Robotic Task and Motion Planning Guided by Hierarchical World Model,2026,arXiv,http://arxiv.org/abs/2602.11291v2,Addresses robot world-model evaluation or a neighboring robotics mechanism.,"Prior work usually predicts, ranks, filters, or imitates observed behavior rather than preserving unrealized branches.",The observed outcome is enough to supervise the model.,"Contact mode support, embodiment limits, and deployment perturbations.","Branch collapse, hidden-mode shift, and tail-risk planning failures.",Generic world models and generic uncertainty are crowded.,World model audits from failed rollouts keeps action-critical alternatives explicit until a physical observation collapses them.
92,arxiv:2504.09480v1,Vision-Language Model for Object Detection and Segmentation: A Review and Evaluation,2025,arXiv,http://arxiv.org/abs/2504.09480v1,Addresses robot world-model evaluation or a neighboring robotics mechanism.,"Prior work usually predicts, ranks, filters, or imitates observed behavior rather than preserving unrealized branches.",The observed outcome is enough to supervise the model.,"Contact mode support, embodiment limits, and deployment perturbations.","Branch collapse, hidden-mode shift, and tail-risk planning failures.",Generic world models and generic uncertainty are crowded.,World model audits from failed rollouts keeps action-critical alternatives explicit until a physical observation collapses them.
93,arxiv:2506.20566v1,HRIBench: Benchmarking Vision-Language Models for Real-Time Human Perception in Human-Robot Interaction,2025,arXiv,http://arxiv.org/abs/2506.20566v1,Addresses robot world-model evaluation or a neighboring robotics mechanism.,"Prior work usually predicts, ranks, filters, or imitates observed behavior rather than preserving unrealized branches.",The observed outcome is enough to supervise the model.,"Contact mode support, embodiment limits, and deployment perturbations.","Branch collapse, hidden-mode shift, and tail-risk planning failures.",Generic world models and generic uncertainty are crowded.,World model audits from failed rollouts keeps action-critical alternatives explicit until a physical observation collapses them.
94,doi:10.1155/2019/5015741,Evaluation of Image Enhancement Techniques for Vision-Based Navigation under Low Illumination,2019,Journal of Robotics,https://doi.org/10.1155/2019/5015741,Addresses robot world-model evaluation or a neighboring robotics mechanism.,"Prior work usually predicts, ranks, filters, or imitates observed behavior rather than preserving unrealized branches.",The observed outcome is enough to supervise the model.,"Contact mode support, embodiment limits, and deployment perturbations.","Branch collapse, hidden-mode shift, and tail-risk planning failures.",Generic world models and generic uncertainty are crowded.,World model audits from failed rollouts keeps action-critical alternatives explicit until a physical observation collapses them.
95,doi:10.4018/979-8-3693-5380-6.ch022,Human Evaluation in Large Language Model Testing,2024,Advances in Computational Intelligence and Robotics Advancements in Intelligent Process Automation,https://doi.org/10.4018/979-8-3693-5380-6.ch022,Addresses robot world-model evaluation or a neighboring robotics mechanism.,"Prior work usually predicts, ranks, filters, or imitates observed behavior rather than preserving unrealized branches.",The observed outcome is enough to supervise the model.,"Contact mode support, embodiment limits, and deployment perturbations.","Branch collapse, hidden-mode shift, and tail-risk planning failures.",Generic world models and generic uncertainty are crowded.,World model audits from failed rollouts keeps action-critical alternatives explicit until a physical observation collapses them.
96,doi:10.1017/wtc.2024.18,"Design, modeling, and preliminary evaluation of a 3D-printed wrist–hand grasping orthosis for stroke survivors",2024,Wearable Technologies,https://doi.org/10.1017/wtc.2024.18,Addresses robot world-model evaluation or a neighboring robotics mechanism.,"Prior work usually predicts, ranks, filters, or imitates observed behavior rather than preserving unrealized branches.",The observed outcome is enough to supervise the model.,"Contact mode support, embodiment limits, and deployment perturbations.","Branch collapse, hidden-mode shift, and tail-risk planning failures.",Generic world models and generic uncertainty are crowded.,World model audits from failed rollouts keeps action-critical alternatives explicit until a physical observation collapses them.
97,doi:10.1016/j.cardfail.2018.07.253,The PARASAIL study- Patient Reported Outcomes from the Canadian Real World Experience use of Sacubitril/Valsartan in Patients with Heart Failure and Reduced Ejection Fraction,2018,Journal of Cardiac Failure,https://doi.org/10.1016/j.cardfail.2018.07.253,Addresses robot world-model evaluation or a neighboring robotics mechanism.,"Prior work usually predicts, ranks, filters, or imitates observed behavior rather than preserving unrealized branches.",The observed outcome is enough to supervise the model.,"Contact mode support, embodiment limits, and deployment perturbations.","Branch collapse, hidden-mode shift, and tail-risk planning failures.",Generic world models and generic uncertainty are crowded.,World model audits from failed rollouts keeps action-critical alternatives explicit until a physical observation collapses them.
98,doi:10.1016/j.cardfail.2019.11.017,PARAGON-HF - considerations for potential use of sacubitril-valsartan in real-world heart failure with mildly reduced ejection fraction,2019,Journal of Cardiac Failure,https://doi.org/10.1016/j.cardfail.2019.11.017,Addresses robot world-model evaluation or a neighboring robotics mechanism.,"Prior work usually predicts, ranks, filters, or imitates observed behavior rather than preserving unrealized branches.",The observed outcome is enough to supervise the model.,"Contact mode support, embodiment limits, and deployment perturbations.","Branch collapse, hidden-mode shift, and tail-risk planning failures.",Generic world models and generic uncertainty are crowded.,World model audits from failed rollouts keeps action-critical alternatives explicit until a physical observation collapses them.
99,doi:10.1115/1.4050382,Force Evaluation of Tendon Routing for Underactuated Grasping,2021,Journal of Mechanical Design,https://doi.org/10.1115/1.4050382,Addresses robot world-model evaluation or a neighboring robotics mechanism.,"Prior work usually predicts, ranks, filters, or imitates observed behavior rather than preserving unrealized branches.",The observed outcome is enough to supervise the model.,"Contact mode support, embodiment limits, and deployment perturbations.","Branch collapse, hidden-mode shift, and tail-risk planning failures.",Generic world models and generic uncertainty are crowded.,World model audits from failed rollouts keeps action-critical alternatives explicit until a physical observation collapses them.
100,doi:10.1371/journal.pone.0128444,Morphological Evolution of Physical Robots through Model-Free Phenotype Development,2015,PLoS ONE,https://doi.org/10.1371/journal.pone.0128444,Addresses robot world-model evaluation or a neighboring robotics mechanism.,"Prior work usually predicts, ranks, filters, or imitates observed behavior rather than preserving unrealized branches.",The observed outcome is enough to supervise the model.,"Contact mode support, embodiment limits, and deployment perturbations.","Branch collapse, hidden-mode shift, and tail-risk planning failures.",Generic world models and generic uncertainty are crowded.,World model audits from failed rollouts keeps action-critical alternatives explicit until a physical observation collapses them.
